Tamaño (n),Tiempo promedio (s),Costo total
10,6e-06,2
100,2.6e-05,8162
1000,0.000464,980762
10000,0.003754,99806762
50000,0.017415,2499033430
