Tamaño (n),Tiempo promedio (s)
4,5.6584676106770836e-05
6,0.0002009868621826172
8,0.0007138252258300781
10,0.004309256871541341
12,0.017696698506673176
14,0.0847490628560384
16,0.3712279001871745
